Metabolite,LOD,LOQ,Croco_10-7_filtrate_B1,Pro_11-18_filtrate_B1,Syn_10-30_filtrate_B1,Tpsu_9-24_filtrate_B1,pool01,pool02,pool03
4-aminobenzoic acid pos,0.024777429591079,0.0750831199729666,0,0,0,0,15.9041508625858,14.33562068459,17.1245274793202
DHPS neg,0.00882183756655574,0.026732841110775,0,0.096242187769719,0,0,13.4276428789027,13.6538321251984,13.9575377248068
alanine neg,0.072221320677759,0.2188524869023,0.714776725168504,0,0.531842819657189,0,8.12265541945564,10.6802193875293,7.0777862531145
alanine pos,0.018798685502577,0.0569657136441729,NaN,0,0.0203625485050994,0.0336138200184176,0.0844739882073183,0.0956950592405641,0.0869883112055578
glutamic acid neg,0.0375394966171744,0.113756050355074,0,0,0,0.248699773146585,21.8147977841696,22.080767338114,21.7427406102556
glutamic acid pos,0.0318481666554415,0.0965095959255803,0.241712438522252,0,0.32759327812713,0.384124320646178,17.9413154469033,16.3512416705285,15.9368598915545
